id,customer_id,value,date
1,13,177.67,2025-01-13
2,4,833.29,2025-02-08
3,38,440.65,2025-01-31
4,5,650.73,2025-02-16
5,36,57.43,2025-01-25
6,9,80.53,2025-02-03
7,42,899.89,2025-02-10
8,47,2015.48,2025-01-07
9,29,919.46,2025-01-21
10,22,126.59,2025-01-03
11,16,109.71,2025-01-17
12,12,728.34,2025-01-17
13,5,686.57,2025-01-27
14,44,968.45,2025-02-20
15,2,217.58,2025-01-10
16,35,973.08,2025-02-09
17,20,653.0,2025-02-16
18,23,651.23,2025-02-02
19,19,389.86,2025-01-09
20,25,56.08,2025-01-23
21,40,299.2,2025-01-29
22,4,754.37,2025-01-02
23,35,319.37,2025-01-10
24,36,342.12,2025-01-23
25,50,235.5,2025-02-11
26,16,402.8,2025-02-18
27,3,2078.76,2025-02-07
28,28,420.68,2025-01-20
29,36,240.65,2025-02-05
30,6,100.51,2025-02-01
31,10,683.5,2025-02-12
32,41,167.35,2025-01-01
33,36,762.72,2025-02-20
34,4,470.38,2025-02-11
35,35,475.84,2025-02-05
36,38,636.25,2025-01-14
37,17,402.02,2025-02-03
38,48,958.65,2025-01-11
39,24,819.34,2025-01-23
40,30,362.58,2025-01-14
41,45,311.44,2025-02-23
42,6,653.01,2025-01-22
43,29,939.82,2025-01-13
44,35,727.97,2025-02-10
45,42,894.2,2025-01-30
46,31,156.48,2025-02-21
47,24,718.51,2025-03-02
48,50,519.34,2025-02-01
49,19,887.53,2025-01-27
50,41,359.34,2025-02-12
51,6,893.97,2025-02-03
52,47,457.4,2025-01-22
53,2,762.18,2025-02-17
54,22,59.3,2025-01-13
55,33,146.63,2025-02-16
56,41,142.58,2025-02-02
57,14,676.99,2025-02-07
58,5,615.97,2025-01-02
59,49,721.0,2025-02-09
60,12,276.28,2025-02-26
61,42,570.2,2025-02-14
62,32,696.34,2025-02-26
63,32,203.81,2025-01-05
64,1,762.23,2025-02-05
65,34,866.54,2025-01-06
66,15,535.97,2025-02-27
67,39,53.38,2025-02-11
68,41,107.57,2025-02-26
69,42,695.27,2025-02-04
70,49,280.39,2025-01-03
71,28,576.5,2025-03-01
72,37,597.05,2025-02-27
73,44,458.7,2025-01-12
74,4,455.18,2025-01-25
75,5,305.72,2025-01-03
76,50,359.6,2025-01-18
77,31,441.93,2025-01-08
78,45,621.54,2025-01-05
79,15,829.32,2025-01-28
80,31,375.88,2025-01-02
81,3,586.22,2025-02-21
82,48,492.58,2025-01-16
83,43,784.97,2025-02-03
84,28,158.8,2025-02-23
85,47,846.68,2025-02-20
86,43,581.98,2025-02-05
87,14,333.44,2025-02-17
88,36,187.94,2025-01-23
89,8,400.65,2025-02-05
90,37,622.37,2025-03-01
91,43,780.01,2025-01-25
92,7,122.55,2025-01-03
93,36,130.42,2025-01-03
94,22,892.81,2025-02-19
95,47,695.62,2025-02-02
96,18,1696.69,2025-02-22
97,9,939.4,2025-01-05
98,22,394.66,2025-01-23
99,30,647.16,2025-02-28
100,16,801.51,2025-02-05
101,41,79.4,2025-01-29
102,31,723.11,2025-01-18
103,41,845.77,2025-02-02
104,22,888.35,2025-02-17
105,1,689.18,2025-03-01
106,16,119.52,2025-02-02
107,27,916.7,2025-01-17
108,16,795.77,2025-02-26
109,23,98.21,2025-01-26
110,32,714.43,2025-02-03
111,22,823.31,2025-01-18
112,31,260.61,2025-01-10
113,3,900.34,2025-01-20
114,50,201.13,2025-02-22
115,14,681.11,2025-01-02
116,10,195.88,2025-01-05
117,16,451.4,2025-01-22
118,41,540.82,2025-01-10
119,45,443.43,2025-01-19
120,24,783.78,2025-01-16
121,34,298.91,2025-01-25
122,47,229.96,2025-02-05
123,25,550.74,2025-02-11
124,2,983.65,2025-01-28
125,45,967.81,2025-01-18
126,20,314.08,2025-01-11
127,1,114.73,2025-01-05
128,47,992.34,2025-01-23
129,1,955.59,2025-01-15
130,38,883.28,2025-01-27
131,1,137.75,2025-03-02
132,7,231.77,2025-02-04
133,49,303.13,2025-01-10
134,8,417.38,2025-02-18
135,26,352.88,2025-02-08
136,41,63.3,2025-01-15
137,3,496.13,2025-01-03
138,9,562.74,2025-01-23
139,7,316.9,2025-01-06
140,47,363.64,2025-02-16
141,35,481.34,2025-01-06
142,6,746.97,2025-02-07
143,1,392.12,2025-02-22
144,23,410.37,2025-02-06
145,16,928.8,2025-02-17
146,29,60.11,2025-02-24
147,44,761.32,2025-02-05
148,47,629.65,2025-02-20
149,27,634.47,2025-02-03
150,30,464.3,2025-02-18
151,9,452.74,2025-01-28
152,19,681.98,2025-02-25
153,7,385.95,2025-02-13
154,3,641.34,2025-01-16
155,28,721.73,2025-01-17
156,31,744.24,2025-01-03
157,34,735.47,2025-01-31
158,33,586.89,2025-01-22
159,7,390.2,2025-01-12
160,23,505.03,2025-03-02
161,16,680.16,2025-01-07
162,10,539.59,2025-02-11
163,32,319.14,2025-01-17
164,7,403.23,2025-02-20
165,34,253.26,2025-01-20
166,31,814.54,2025-02-25
167,46,574.45,2025-03-02
168,12,815.94,2025-01-18
169,39,548.27,2025-01-07
170,22,125.02,2025-02-15
171,22,277.77,2025-02-03
172,38,318.06,2025-01-08
173,43,487.03,2025-01-16
174,35,297.18,2025-02-02
175,15,974.54,2025-01-01
176,9,519.93,2025-01-03
177,9,574.9,2025-01-17
178,32,275.42,2025-02-04
179,37,531.86,2025-02-11
180,9,936.54,2025-02-01
181,49,1947.24,2025-01-30
182,41,192.28,2025-01-14
183,50,875.69,2025-01-23
184,39,697.14,2025-02-12
185,21,792.77,2025-01-13
186,34,2121.62,2025-02-19
187,10,73.38,2025-02-26
188,44,605.31,2025-02-25
189,23,477.77,2025-01-23
190,14,567.03,2025-02-19
191,34,592.89,2025-01-11
192,47,521.96,2025-01-18
193,33,398.62,2025-02-02
194,40,492.19,2025-02-16
195,35,2062.92,2025-01-16
196,11,484.41,2025-02-23
197,37,399.6,2025-01-12
198,12,286.68,2025-02-01
199,29,425.6,2025-02-13
200,13,622.03,2025-01-17
201,50,109.72,2025-02-12
202,11,230.07,2025-01-24
203,6,219.9,2025-01-19
204,40,1752.8,2025-02-21
205,5,445.79,2025-01-22
206,26,307.79,2025-01-21
207,13,696.96,2025-01-08
208,31,971.21,2025-01-14
209,24,645.32,2025-01-24
210,45,204.05,2025-03-02
211,49,233.11,2025-02-14
212,44,208.47,2025-02-27
213,15,790.38,2025-02-22
214,21,616.69,2025-01-28
215,32,851.36,2025-01-28
216,15,424.82,2025-01-17
217,32,585.69,2025-01-19
218,8,347.94,2025-02-07
219,10,951.05,2025-02-26
220,37,694.59,2025-02-22
221,36,1840.36,2025-01-16
222,5,812.76,2025-02-04
223,5,805.67,2025-01-14
224,29,991.63,2025-02-03
225,4,971.35,2025-02-25
226,15,181.2,2025-02-06
227,48,157.13,2025-02-24
228,18,258.64,2025-02-02
229,45,338.16,2025-02-16
230,13,616.21,2025-01-08
231,30,756.8,2025-02-15
232,20,198.47,2025-02-25
233,42,308.1,2025-02-10
234,18,840.4,2025-01-11
235,50,761.14,2025-01-21
236,48,314.14,2025-01-14
237,37,256.23,2025-01-21
238,35,311.72,2025-01-14
239,16,895.19,2025-01-25
240,5,801.64,2025-01-20
241,33,615.89,2025-01-27
242,10,868.84,2025-01-08
243,39,879.98,2025-01-16
244,45,785.06,2025-01-09
245,27,130.58,2025-02-24
246,24,971.73,2025-01-09
247,40,240.64,2025-01-10
248,43,726.33,2025-01-15
249,32,865.74,2025-01-26
250,22,379.86,2025-01-25
251,1,533.59,2025-02-11
252,17,342.92,2025-01-27
253,45,916.67,2025-01-31
254,14,313.32,2025-02-04
255,7,425.72,2025-01-28
256,33,121.4,2025-01-30
257,42,567.79,2025-02-14
258,23,518.29,2025-01-14
259,6,425.63,2025-01-22
260,40,933.8,2025-02-28
261,50,104.04,2025-02-23
262,27,114.55,2025-01-04
263,48,382.97,2025-01-25
264,37,780.94,2025-01-24
265,42,267.12,2025-02-18
266,8,596.7,2025-02-01
267,14,962.44,2025-02-04
268,2,341.48,2025-02-27
269,48,562.99,2025-02-18
270,27,948.52,2025-02-03
271,13,2196.65,2025-01-08
272,48,2167.17,2025-01-16
273,13,793.71,2025-03-02
274,16,772.61,2025-02-06
275,48,628.95,2025-01-06
276,40,518.97,2025-01-24
277,37,227.56,2025-01-10
278,1,955.7,2025-01-02
279,17,533.01,2025-02-24
280,24,121.07,2025-02-07
281,29,305.33,2025-02-17
282,2,583.95,2025-01-17
283,43,132.49,2025-01-28
284,11,207.47,2025-01-03
285,37,247.43,2025-02-09
286,21,567.24,2025-02-14
287,8,222.49,2025-02-24
288,32,800.71,2025-01-14
289,17,351.89,2025-01-03
290,38,2340.33,2025-01-09
291,45,744.79,2025-02-27
292,50,398.45,2025-02-17
293,11,654.68,2025-02-27
294,17,1875.31,2025-01-27
295,4,574.76,2025-02-07
296,35,919.39,2025-01-12
297,42,492.19,2025-02-05
298,15,956.84,2025-02-27
299,15,246.51,2025-02-20
300,39,687.39,2025-02-19
301,17,51.74,2025-01-31
302,3,567.65,2025-02-04
303,31,902.52,2025-02-22
304,38,999.45,2025-01-13
305,29,158.2,2025-02-27
306,5,713.4,2025-02-17
307,29,887.39,2025-02-08
308,14,482.58,2025-02-26
309,2,2281.29,2025-02-23
310,14,127.07,2025-01-22
311,22,693.73,2025-02-21
312,26,124.76,2025-02-15
313,37,924.95,2025-02-26
314,48,853.92,2025-01-19
315,31,749.93,2025-02-22
316,8,1811.59,2025-01-30
317,47,625.16,2025-02-13
318,24,787.69,2025-02-19
319,22,129.32,2025-02-08
320,15,379.18,2025-03-02
321,30,438.49,2025-02-24
322,45,706.02,2025-01-28
323,45,892.26,2025-02-22
324,34,155.64,2025-02-20
325,34,981.73,2025-01-09
326,33,188.08,2025-01-29
327,39,659.73,2025-02-03
328,13,96.29,2025-02-08
329,50,992.1,2025-02-02
330,36,90.36,2025-01-03
331,8,373.18,2025-02-01
332,32,588.54,2025-01-11
333,9,176.17,2025-01-11
334,25,483.63,2025-02-17
335,20,339.1,2025-01-10
336,50,497.97,2025-02-07
337,50,564.9,2025-01-10
338,27,297.49,2025-02-01
339,40,278.53,2025-01-10
340,37,817.23,2025-01-17
341,47,295.51,2025-01-09
342,47,347.85,2025-01-25
343,9,970.38,2025-01-29
344,42,2204.58,2025-02-01
345,29,654.06,2025-02-02
346,43,276.99,2025-02-26
347,31,803.51,2025-01-03
348,4,318.36,2025-02-08
349,39,639.76,2025-01-11
350,6,929.22,2025-02-26
351,5,406.73,2025-01-02
352,9,2289.2,2025-02-25
353,48,792.92,2025-02-04
354,24,628.66,2025-01-03
355,27,759.74,2025-01-24
356,45,333.15,2025-01-26
357,22,309.29,2025-01-01
358,47,444.79,2025-02-19
359,30,800.02,2025-01-01
360,5,586.65,2025-02-12
361,1,370.49,2025-01-21
362,12,929.73,2025-02-06
363,47,823.4,2025-02-21
364,3,571.74,2025-02-24
365,9,282.48,2025-02-10
366,7,478.42,2025-01-07
367,29,341.19,2025-02-27
368,50,62.91,2025-01-02
369,1,72.85,2025-02-18
370,10,678.28,2025-01-16
371,20,138.18,2025-01-07
372,14,70.58,2025-02-03
373,46,910.18,2025-02-16
374,12,450.03,2025-01-10
375,24,310.19,2025-01-27
376,9,248.54,2025-01-12
377,30,889.0,2025-01-29
378,31,714.1,2025-02-12
379,21,229.95,2025-02-09
380,13,50.96,2025-01-20
381,49,849.4,2025-02-06
382,6,2218.88,2025-02-28
383,14,251.34,2025-02-04
384,12,616.51,2025-02-19
385,38,426.65,2025-01-14
386,45,937.15,2025-02-11
387,48,93.07,2025-01-14
388,31,982.13,2025-01-23
389,29,708.42,2025-01-16
390,1,220.18,2025-02-12
391,47,133.27,2025-01-25
392,40,636.31,2025-02-19
393,25,524.72,2025-02-01
394,30,621.41,2025-01-28
395,23,1990.1,2025-02-05
396,34,198.27,2025-02-21
397,30,122.91,2025-02-17
398,44,659.45,2025-03-01
399,29,250.72,2025-01-19
400,33,1677.68,2025-01-12
401,22,353.64,2025-02-27
402,33,501.18,2025-02-11
403,38,450.98,2025-01-12
404,28,836.35,2025-02-27
405,48,566.22,2025-02-20
406,14,789.01,2025-01-13
407,8,560.24,2025-03-01
408,37,264.74,2025-02-19
409,42,393.82,2025-01-28
410,45,257.08,2025-01-30
411,14,771.01,2025-02-22
412,37,146.17,2025-01-19
413,24,88.54,2025-02-22
414,14,980.65,2025-02-19
415,50,77.34,2025-01-21
416,12,911.5,2025-02-05
417,30,53.24,2025-01-29
418,6,977.32,2025-01-13
419,50,412.1,2025-02-25
420,36,433.24,2025-01-02
421,5,101.88,2025-02-02
422,3,202.57,2025-01-11
423,16,659.41,2025-01-09
424,42,498.43,2025-01-14
425,45,208.02,2025-02-16
426,12,357.2,2025-01-10
427,42,968.94,2025-01-13
428,47,608.86,2025-02-09
429,28,518.58,2025-01-29
430,48,905.41,2025-01-02
431,12,837.67,2025-01-27
432,16,338.49,2025-02-12
433,18,704.7,2025-01-25
434,17,732.4,2025-02-10
435,46,84.26,2025-02-08
436,34,478.21,2025-01-16
437,50,887.72,2025-02-16
438,22,102.58,2025-01-08
439,11,58.07,2025-01-17
440,8,940.04,2025-02-25
441,41,607.23,2025-01-05
442,7,825.7,2025-02-06
443,4,135.29,2025-02-02
444,16,244.17,2025-01-21
445,9,407.43,2025-02-11
446,14,2222.36,2025-02-04
447,3,209.41,2025-01-29
448,28,114.26,2025-01-08
449,49,248.56,2025-01-27
450,18,225.25,2025-01-21
451,30,484.45,2025-01-15
452,41,456.13,2025-01-13
453,2,481.81,2025-01-24
454,20,408.49,2025-02-22
455,24,679.25,2025-01-18
456,14,244.9,2025-01-25
457,15,268.89,2025-02-13
458,36,87.91,2025-01-30
459,1,579.56,2025-01-13
460,9,952.49,2025-02-15
461,24,84.97,2025-01-27
462,36,364.17,2025-01-06
463,10,844.48,2025-02-05
464,39,296.12,2025-01-01
465,3,176.83,2025-02-21
466,12,554.57,2025-01-23
467,33,306.3,2025-02-01
468,15,285.13,2025-01-06
469,26,662.33,2025-02-19
470,4,879.75,2025-02-19
471,16,587.56,2025-01-11
472,19,240.6,2025-01-08
473,25,502.59,2025-01-17
474,11,1848.2,2025-01-30
475,38,505.55,2025-01-09
476,15,815.07,2025-01-28
477,35,648.14,2025-02-03
478,20,490.78,2025-01-09
479,35,419.85,2025-02-24
480,31,830.75,2025-02-05
481,32,757.6,2025-01-21
482,12,93.93,2025-01-27
483,7,458.64,2025-01-29
484,5,474.89,2025-02-03
485,9,950.99,2025-02-28
486,50,635.75,2025-02-01
487,40,219.23,2025-02-06
488,38,594.19,2025-02-01
489,22,1786.87,2025-01-16
490,12,129.41,2025-01-12
491,2,444.81,2025-02-07
492,2,864.58,2025-01-06
493,1,443.7,2025-02-06
494,32,281.55,2025-01-25
495,25,526.81,2025-02-22
496,49,385.61,2025-01-07
497,41,82.72,2025-01-09
498,25,112.92,2025-01-19
499,7,576.15,2025-02-22
500,43,768.95,2025-02-22
501,6,93.46,2025-01-12
502,47,473.14,2025-02-20
503,2,465.97,2025-01-17
504,31,181.97,2025-02-10
505,30,468.42,2025-02-02
506,50,940.53,2025-02-02
507,28,2033.77,2025-01-09
508,45,385.69,2025-02-03
509,16,422.92,2025-01-25
510,15,827.52,2025-02-19
511,5,720.62,2025-02-13
512,23,570.41,2025-02-28
513,36,586.32,2025-01-04
514,46,260.22,2025-01-29
515,31,2295.56,2025-02-16
516,42,112.71,2025-01-05
517,21,198.84,2025-02-26
518,13,217.74,2025-02-13
519,23,659.24,2025-02-15
520,19,233.56,2025-01-20
521,36,585.83,2025-02-08
522,26,653.71,2025-02-25
523,38,567.25,2025-01-26
524,5,733.3,2025-01-24
525,14,646.93,2025-01-04
526,5,665.94,2025-02-22
527,17,290.24,2025-01-18
528,40,643.45,2025-02-04
529,14,117.0,2025-01-25
530,25,198.43,2025-02-13
531,25,661.21,2025-01-26
532,5,100.23,2025-02-06
533,35,258.94,2025-02-25
534,12,529.58,2025-02-20
535,40,651.76,2025-01-23
536,3,348.8,2025-02-13
537,37,550.38,2025-02-08
538,49,581.7,2025-02-17
539,38,840.29,2025-02-10
540,49,595.39,2025-01-03
541,1,338.62,2025-01-26
542,8,187.34,2025-01-07
543,19,649.97,2025-01-01
544,42,724.9,2025-01-16
545,31,442.36,2025-01-22
546,29,82.25,2025-02-02
547,45,141.96,2025-01-18
548,4,2097.08,2025-02-04
549,28,447.18,2025-02-23
550,2,524.89,2025-01-04
551,8,529.57,2025-01-28
552,17,833.08,2025-01-31
553,43,795.04,2025-01-03
554,25,650.14,2025-02-14
555,4,595.35,2025-02-26
556,28,382.14,2025-02-03
557,4,452.92,2025-02-13
558,7,778.29,2025-01-02
559,29,826.17,2025-02-02
560,35,977.83,2025-01-30
561,4,69.92,2025-02-01
562,5,2435.73,2025-01-04
563,49,309.94,2025-01-30
564,14,986.24,2025-02-01
565,46,281.88,2025-02-10
566,15,819.95,2025-01-01
567,15,808.87,2025-01-03
568,3,382.88,2025-01-31
569,14,931.74,2025-01-12
570,31,229.9,2025-01-04
571,49,622.28,2025-02-25
572,14,726.79,2025-02-28
573,27,981.2,2025-01-30
574,13,872.75,2025-02-22
575,36,434.62,2025-01-20
576,37,874.95,2025-02-25
577,1,789.28,2025-02-25
578,3,787.16,2025-01-10
579,37,606.45,2025-02-01
580,9,587.86,2025-02-17
581,48,690.49,2025-01-01
582,14,650.83,2025-02-02
583,5,900.34,2025-02-26
584,4,600.95,2025-02-22
585,32,123.8,2025-02-19
586,20,135.77,2025-02-22
587,7,812.64,2025-02-05
588,31,122.03,2025-01-25
589,28,102.27,2025-02-02
590,30,691.67,2025-01-28
591,12,760.04,2025-02-14
592,24,255.57,2025-02-24
593,16,54.49,2025-02-25
594,11,133.77,2025-01-14
595,6,396.66,2025-01-10
596,30,1863.76,2025-01-12
597,44,51.28,2025-01-07
598,36,839.7,2025-01-15
599,29,58.43,2025-02-21
600,37,184.26,2025-02-12
601,32,110.82,2025-02-03
602,4,236.83,2025-01-05
603,3,412.46,2025-01-17
604,48,56.42,2025-02-11
605,23,802.41,2025-02-17
606,3,546.33,2025-01-09
607,24,767.12,2025-01-12
608,9,152.62,2025-02-18
609,49,260.6,2025-02-04
610,6,233.08,2025-02-10
611,7,127.53,2025-01-24
612,38,315.37,2025-02-05
613,29,563.76,2025-02-12
614,17,406.26,2025-02-04
615,24,502.81,2025-03-01
616,41,443.51,2025-01-30
617,41,962.98,2025-01-23
618,1,885.05,2025-02-21
619,24,763.59,2025-01-07
620,11,969.73,2025-01-30
621,8,876.84,2025-01-17
622,10,120.13,2025-01-23
623,11,50.07,2025-02-06
624,5,918.96,2025-01-30
625,7,499.86,2025-01-11
626,25,967.19,2025-01-06
627,24,878.43,2025-01-04
628,18,330.74,2025-01-07
629,10,2043.64,2025-02-11
630,45,96.8,2025-01-13
631,27,200.48,2025-01-12
632,28,862.4,2025-02-07
633,17,328.16,2025-02-26
634,9,588.7,2025-01-28
635,25,224.8,2025-01-11
636,44,975.03,2025-01-03
637,15,379.17,2025-02-28
638,15,84.35,2025-02-27
639,29,934.5,2025-01-21
640,31,634.0,2025-01-13
641,44,123.19,2025-01-29
642,33,775.61,2025-02-13
643,47,632.65,2025-02-23
644,35,749.49,2025-02-23
645,33,123.22,2025-02-22
646,9,463.78,2025-01-09
647,42,445.26,2025-01-27
648,21,723.53,2025-02-07
649,13,343.29,2025-02-07
650,1,277.82,2025-02-13
651,20,816.34,2025-01-05
652,4,455.86,2025-02-06
653,33,191.73,2025-01-09
654,24,881.93,2025-01-05
655,11,637.66,2025-03-01
656,37,886.68,2025-02-10
657,49,846.73,2025-02-27
658,37,681.14,2025-02-15
659,26,186.45,2025-01-10
660,41,865.98,2025-01-25
661,35,118.93,2025-01-18
662,31,558.34,2025-01-05
663,7,536.1,2025-03-01
664,50,312.63,2025-02-02
665,36,134.84,2025-02-17
666,18,135.04,2025-01-20
667,12,724.07,2025-01-12
668,44,736.53,2025-02-25
669,4,171.36,2025-02-21
670,40,355.06,2025-02-22
671,26,974.17,2025-03-02
672,34,108.14,2025-01-08
673,17,226.08,2025-02-25
674,18,748.96,2025-02-19
675,3,652.57,2025-01-27
676,22,58.93,2025-01-17
677,16,520.91,2025-01-05
678,7,684.7,2025-01-16
679,26,451.87,2025-01-15
680,7,732.85,2025-01-01
681,25,329.72,2025-01-09
682,49,269.14,2025-02-24
683,34,903.13,2025-02-15
684,14,750.8,2025-02-21
685,39,199.9,2025-01-17
686,8,703.49,2025-02-15
687,10,142.5,2025-02-22
688,49,706.96,2025-02-05
689,36,671.34,2025-01-14
690,15,96.64,2025-02-03
691,16,742.01,2025-01-15
692,18,489.69,2025-02-06
693,2,699.8,2025-01-15
694,50,607.95,2025-02-03
695,6,540.94,2025-01-08
696,30,128.99,2025-01-02
697,2,113.2,2025-02-17
698,14,358.11,2025-02-21
699,1,1877.46,2025-01-11
700,40,447.77,2025-01-01
701,47,207.21,2025-02-15
702,30,348.55,2025-01-19
703,37,2229.15,2025-01-04
704,36,764.17,2025-02-13
705,8,94.64,2025-02-21
706,25,1996.47,2025-02-22
707,18,680.44,2025-02-21
708,33,486.06,2025-02-13
709,2,619.24,2025-02-15
710,31,541.32,2025-01-14
711,24,993.59,2025-01-22
712,15,874.52,2025-01-17
713,5,908.64,2025-01-18
714,14,861.19,2025-01-28
715,29,531.05,2025-01-21
716,24,434.18,2025-02-14
717,39,852.26,2025-02-09
718,2,419.64,2025-01-11
719,25,385.52,2025-02-01
720,26,73.61,2025-02-05
721,25,942.03,2025-01-23
722,39,742.3,2025-01-14
723,46,653.27,2025-03-02
724,27,333.22,2025-02-13
725,19,231.1,2025-01-17
726,9,953.04,2025-02-10
727,36,906.23,2025-01-31
728,39,940.96,2025-02-06
729,39,2423.85,2025-01-30
730,48,376.39,2025-02-22
731,6,924.95,2025-02-10
732,48,476.13,2025-01-23
733,23,663.11,2025-02-13
734,30,679.0,2025-02-26
735,28,207.12,2025-02-02
736,32,986.05,2025-01-08
737,37,679.29,2025-01-18
738,20,576.76,2025-01-14
739,21,151.37,2025-01-21
740,18,92.97,2025-02-15
741,24,2333.54,2025-02-20
742,48,446.89,2025-02-24
743,7,369.8,2025-02-21
744,13,926.91,2025-01-15
745,7,774.58,2025-01-19
746,14,711.38,2025-01-28
747,39,355.28,2025-02-25
748,11,773.75,2025-01-25
749,35,348.68,2025-01-19
750,3,660.25,2025-01-14
751,39,917.59,2025-01-05
752,40,203.01,2025-01-24
753,4,866.21,2025-03-01
754,24,239.29,2025-02-11
755,42,265.53,2025-01-30
756,21,616.61,2025-01-24
757,6,720.62,2025-02-04
758,8,840.92,2025-01-09
759,29,204.35,2025-02-09
760,50,367.35,2025-01-24
761,24,439.77,2025-02-06
762,24,309.76,2025-02-04
763,15,761.31,2025-01-04
764,34,586.16,2025-01-22
765,49,213.58,2025-02-24
766,13,453.57,2025-02-09
767,45,971.25,2025-02-01
768,40,750.15,2025-03-01
769,13,216.82,2025-01-10
770,16,439.03,2025-01-09
771,35,413.51,2025-01-12
772,22,982.05,2025-02-16
773,50,238.01,2025-01-03
774,36,848.7,2025-01-03
775,7,827.69,2025-01-12
776,12,110.17,2025-01-25
777,14,269.86,2025-02-07
778,7,851.19,2025-02-12
779,28,560.73,2025-02-22
780,36,389.53,2025-02-05
781,32,852.4,2025-02-24
782,31,370.24,2025-02-04
783,29,192.58,2025-02-09
784,24,490.26,2025-02-12
785,20,397.16,2025-02-01
786,38,969.02,2025-03-01
787,11,504.44,2025-02-08
788,21,777.23,2025-02-13
789,36,789.07,2025-02-01
790,50,570.13,2025-03-02
791,29,758.26,2025-02-24
792,19,871.15,2025-01-19
793,22,675.32,2025-01-25
794,27,658.11,2025-01-23
795,33,735.78,2025-01-13
796,25,560.89,2025-01-18
797,31,784.7,2025-02-07
798,39,870.6,2025-01-29
799,19,604.17,2025-01-31
800,39,763.14,2025-01-22
801,13,904.13,2025-01-19
802,25,536.31,2025-01-10
803,27,887.72,2025-02-17
804,32,328.62,2025-01-30
805,49,900.75,2025-01-04
806,31,367.12,2025-02-17
807,44,2403.66,2025-02-27
808,19,507.01,2025-02-06
809,32,144.42,2025-01-06
810,5,926.76,2025-02-14
811,38,539.22,2025-02-20
812,15,986.51,2025-02-02
813,18,651.29,2025-01-26
814,12,2133.67,2025-02-14
815,13,549.87,2025-02-24
816,23,670.54,2025-02-20
817,18,90.45,2025-01-24
818,11,907.37,2025-01-28
819,19,179.62,2025-01-29
820,36,804.61,2025-01-22
821,31,823.18,2025-02-20
822,17,823.63,2025-02-21
823,31,766.55,2025-02-12
824,43,494.44,2025-01-15
825,35,751.89,2025-01-08
826,42,515.0,2025-02-12
827,26,251.17,2025-01-22
828,10,542.59,2025-02-15
829,39,685.29,2025-01-28
830,24,408.78,2025-02-10
831,25,733.18,2025-02-04
832,45,2191.95,2025-01-04
833,14,643.66,2025-02-03
834,34,849.13,2025-02-20
835,39,598.82,2025-01-06
836,38,390.5,2025-01-13
837,15,789.14,2025-02-25
838,42,178.12,2025-01-02
839,50,1903.35,2025-01-10
840,18,356.04,2025-02-01
841,28,949.86,2025-01-02
842,13,138.17,2025-02-07
843,2,614.91,2025-02-16
844,13,639.65,2025-01-10
845,23,161.32,2025-02-18
846,41,608.75,2025-01-07
847,40,63.04,2025-03-01
848,14,314.62,2025-02-05
849,45,547.41,2025-02-19
850,48,641.93,2025-01-09
851,13,896.6,2025-02-06
852,29,783.85,2025-01-28
853,19,609.47,2025-01-08
854,32,938.83,2025-01-15
855,44,570.38,2025-02-19
856,21,1793.33,2025-01-08
857,43,2455.54,2025-01-29
858,46,701.86,2025-02-04
859,1,131.28,2025-01-14
860,11,548.13,2025-01-10
861,41,751.21,2025-02-05
862,20,914.64,2025-01-29
863,7,2041.47,2025-02-22
864,6,318.1,2025-01-06
865,19,1876.63,2025-02-06
866,32,508.69,2025-01-13
867,31,314.74,2025-01-14
868,23,307.5,2025-01-05
869,3,183.49,2025-02-15
870,4,579.85,2025-02-22
871,39,99.33,2025-02-19
872,9,805.77,2025-02-20
873,16,539.2,2025-01-28
874,40,141.42,2025-01-23
875,32,874.01,2025-02-20
876,20,863.77,2025-01-17
877,11,429.38,2025-02-06
878,34,131.81,2025-02-18
879,40,516.97,2025-02-23
880,14,376.49,2025-02-06
881,28,787.68,2025-01-21
882,18,252.62,2025-01-24
883,31,944.79,2025-01-17
884,29,113.38,2025-01-04
885,32,794.0,2025-01-12
886,38,812.6,2025-02-27
887,26,52.08,2025-01-21
888,27,81.28,2025-01-19
889,15,2256.54,2025-02-16
890,27,419.67,2025-02-18
891,10,178.25,2025-02-21
892,37,315.5,2025-01-24
893,12,897.75,2025-02-13
894,42,787.59,2025-01-22
895,18,878.64,2025-02-20
896,30,466.22,2025-02-26
897,4,874.63,2025-02-25
898,19,294.44,2025-02-26
899,4,724.91,2025-02-21
900,5,331.46,2025-01-19
901,40,118.72,2025-02-23
902,23,134.31,2025-02-22
903,30,97.43,2025-02-09
904,43,784.0,2025-03-01
905,49,334.66,2025-03-01
906,24,891.54,2025-01-03
907,2,853.15,2025-02-25
908,46,2291.84,2025-02-05
909,29,2086.11,2025-01-15
910,39,549.67,2025-02-21
911,15,71.22,2025-02-24
912,45,689.04,2025-01-11
913,45,183.45,2025-01-10
914,18,169.79,2025-02-17
915,30,108.64,2025-01-08
916,3,898.09,2025-02-03
917,5,433.34,2025-01-05
918,20,909.69,2025-01-09
919,41,1916.34,2025-01-14
920,11,180.53,2025-01-15
921,26,1593.11,2025-02-25
922,30,798.29,2025-01-02
923,4,462.8,2025-02-22
924,8,267.32,2025-01-18
925,1,336.5,2025-01-03
926,37,320.56,2025-02-21
927,31,519.84,2025-02-20
928,20,406.29,2025-01-31
929,4,575.82,2025-01-28
930,48,630.18,2025-01-20
931,27,382.41,2025-02-20
932,46,840.55,2025-01-26
933,32,2337.51,2025-02-15
934,44,815.09,2025-01-16
935,19,346.68,2025-02-21
936,16,2097.7,2025-02-17
937,16,784.67,2025-02-08
938,32,361.24,2025-02-24
939,44,501.39,2025-03-02
940,25,501.05,2025-01-30
941,31,310.84,2025-02-22
942,2,323.09,2025-02-03
943,27,2020.26,2025-01-14
944,7,59.88,2025-02-13
945,30,157.67,2025-01-07
946,8,625.25,2025-02-16
947,26,270.2,2025-02-06
948,33,597.67,2025-01-12
949,46,822.98,2025-02-12
950,24,709.53,2025-01-03
951,23,440.36,2025-01-31
952,22,355.63,2025-02-16
953,5,188.98,2025-01-30
954,38,384.9,2025-01-06
955,4,442.07,2025-02-14
956,11,833.45,2025-02-01
957,26,636.39,2025-01-07
958,40,373.22,2025-02-12
959,46,909.41,2025-03-01
960,37,585.57,2025-01-15
961,2,393.51,2025-02-03
962,2,675.84,2025-02-11
963,28,931.07,2025-02-06
964,7,910.3,2025-02-11
965,30,453.77,2025-02-01
966,11,588.3,2025-02-08
967,20,64.51,2025-02-08
968,17,344.35,2025-02-25
969,21,175.7,2025-01-03
970,19,187.39,2025-01-15
971,41,907.53,2025-02-08
972,18,644.78,2025-02-21
973,3,689.43,2025-01-10
974,40,637.8,2025-01-14
975,32,566.06,2025-02-27
976,8,56.62,2025-01-03
977,26,490.59,2025-01-24
978,27,103.02,2025-02-04
979,26,462.32,2025-02-03
980,7,252.89,2025-01-05
981,10,433.47,2025-02-22
982,46,139.89,2025-02-21
983,22,819.63,2025-01-18
984,48,829.01,2025-02-03
985,39,667.29,2025-02-14
986,11,238.6,2025-01-25
987,15,697.28,2025-01-01
988,13,872.94,2025-02-05
989,37,841.25,2025-02-26
990,17,930.54,2025-02-02
991,32,901.97,2025-02-03
992,50,848.4,2025-03-01
993,50,655.34,2025-01-05
994,2,278.02,2025-02-19
995,2,900.2,2025-01-11
996,20,1857.09,2025-02-08
997,3,641.41,2025-02-27
998,3,245.41,2025-02-24
999,33,837.98,2025-02-24
1000,13,523.34,2025-01-11
